Date,Time,User Query,AQI,Health Conditions,Advice
2025-04-27,21:45:01,I want to go for a jog,100,Mild Asthma,"Hello! I'm HealthifyAI, here to help you make informed decisions about your health.

Current AQI of 100 means the air quality is moderate.  This may cause some discomfort for individuals with respiratory sensitivities like mild asthma. Prolonged exposure could worsen symptoms.


Here are some personalized steps for you:

1. **Shorten your jog:** Consider a shorter jog today, perhaps 20-30 minutes instead of your usual duration.  Listen to your body and stop if you feel any wheezing or shortness of breath.
2. **Pre-jog medication:** Ensure you've taken your prescribed preventative asthma medication before heading out.
3. **Monitor your symptoms:** Pay close attention to your breathing and heart rate during and after your jog.


**Risk Level:** Moderate

While the risk is moderate for you given your mild asthma and the current AQI, it's important to be cautious.  If you experience any significant worsening of your symptoms (e.g., severe wheezing, difficulty breathing, chest tightness), please contact your doctor or emergency services immediately.  Keep your inhaler readily accessible during your jog.


Remember, it's always best to prioritize your health and well-being. Enjoy your jog, but be mindful of your body's signals."
2025-04-27,21:47:26,I have to go for a jog,341,None,"Hello!  I understand you're planning a jog, but the current AQI of 341 is extremely high.

**Impact Summary:** An AQI of 341 indicates hazardous air quality.  Prolonged exposure can severely impact respiratory and cardiovascular health, even in healthy individuals.  Breathing this air will likely cause significant irritation and discomfort.

**Personalized Actionable Steps:**

1. **Postpone your jog:**  Reschedule your run for a day when the AQI is significantly lower (ideally below 100).  Check air quality forecasts regularly.
2. **Indoor exercise alternative:** Consider an indoor workout, such as a home workout video or a session at a well-ventilated gym.


**Risk Level:** Severe

**Emergency Contacts & Steps:** If you experience any shortness of breath, chest pain, wheezing, coughing, or dizziness during or after any outdoor activity today,  seek immediate medical attention.  Call your doctor or emergency services (dial 911 or your local emergency number) immediately.

Please prioritize your health and safety.  It's much better to delay your jog until the air quality improves.  I hope you feel better soon!"
2025-04-29,18:49:07,I have blood sugar,186,asthma,"Hello! I understand you're concerned about your blood sugar levels in relation to the current air quality.  While I can address the air quality concerns, I am not equipped to provide medical advice on blood sugar management.  It is crucial to contact your doctor or a qualified healthcare professional for guidance on your blood sugar levels.  


Regarding the air quality:

**Current AQI: 186 (Unhealthy)**

This AQI level means the air is unhealthy for everyone, but especially for those with sensitive conditions like asthma.  Breathing this air may worsen respiratory symptoms and cause irritation. Prolonged exposure can lead to significant health problems.

**Personalized Actionable Steps (for your asthma):**

1. **Stay indoors:** Limit your time outdoors, especially during peak pollution hours (typically morning and evening).  Ensure your home is well-ventilated, but consider using an air purifier with a HEPA filter.
2. **Use your inhaler:** Follow your prescribed asthma action plan carefully.  Don't hesitate to use your rescue inhaler if you experience any wheezing, coughing, or shortness of breath.
3. **Monitor your symptoms:** Pay close attention to how you're feeling.  If your symptoms worsen or you experience any difficulty breathing, seek immediate medical attention.

**Risk Level: Moderate** (This is regarding air quality's impact on your asthma; your blood sugar risk level requires consultation with your doctor.)

Because your blood sugar levels are a separate concern requiring professional medical attention, I cannot provide a combined risk assessment.  Please address your blood sugar concerns with a healthcare provider immediately.


Remember, I'm here to help with air quality information.  For your blood sugar and asthma management, please contact your doctor or other qualified healthcare professional.  They can provide the appropriate advice and care for your specific situation."
2025-05-05,19:50:19,i want to go for a jog,248,asthma,"Hello!  I'm HealthifyAI, here to help you make informed decisions about your health.

The current AQI of 248 is very unhealthy.  This means the air is heavily polluted and poses significant risks to respiratory health, especially for individuals with asthma.  Prolonged exposure can trigger asthma attacks and worsen symptoms.

Given your asthma, I strongly advise against jogging today. Here are a few actionable steps:

1. **Stay indoors:**  Avoid all outdoor activities until the AQI improves significantly (ideally below 100).
2. **Use your inhaler:**  Ensure you have your prescribed inhaler readily available and use it as directed by your doctor, particularly before any exertion, even if you feel fine.
3. **Monitor your symptoms:** Pay close attention to any wheezing, coughing, shortness of breath, or chest tightness.

**Risk Level: High**

Because the AQI is very unhealthy and you have asthma, the risk of an asthma attack is significant. If you experience any worsening of your asthma symptoms (increased coughing, wheezing, difficulty breathing),  **contact your doctor or go to the nearest emergency room immediately.**  Keep your emergency contacts readily accessible; you should have this information already prepared.  Don't hesitate to seek medical attention if needed.  Your health is our priority."
2025-05-23,23:37:23,"I have asthma, can I go out for a jog?",219,"asthma, breathing difficulty","Hello!  I'm HealthifyAI, here to help you make informed decisions about your health.

The current AQI of 219 is considered **Unhealthy** and poses a significant risk to your health, especially given your asthma and breathing difficulties. This means the air is polluted and can trigger asthma attacks and worsen breathing problems.  Prolonged exposure can lead to serious respiratory issues.

**Risk Level: High**

Given your health conditions and the high AQI, I strongly advise against going for a jog outdoors today.

**Personalized Actionable Steps:**

1. **Stay indoors:**  Remain in a well-ventilated, air-conditioned space with good air filtration (if available).  Close windows and doors to minimize outdoor air infiltration.
2. **Use your inhaler:**  Follow your prescribed asthma management plan and use your inhaler as needed.  Do not hesitate to increase usage if you experience any shortness of breath or wheezing.
3. **Monitor your symptoms:** Pay close attention to your breathing and overall well-being.  If your symptoms worsen, contact your doctor immediately.


**Emergency Contacts/Steps:**

Because your risk level is High, it is crucial to have a plan in place. Please contact your doctor or your usual emergency services immediately if you experience:

* Severe shortness of breath
* Wheezing that doesn't improve with your inhaler
* Chest tightness or pain
* Dizziness or lightheadedness


Remember, your health is paramount.  Prioritizing your safety today is the best way to ensure you can enjoy your jogs when the air quality improves.  I hope this information helps, and please don't hesitate to ask any further questions."
2025-05-24,11:07:55,"I have asthma, can I go out for a jog?",246,None,"Hello!  I'm HealthifyAI, your air quality health assistant.

The current AQI of 246 is in the **Very Unhealthy** range.  This means the air quality is significantly impacting health, especially for sensitive groups.  Prolonged exposure can worsen respiratory issues.

Given your asthma, I strongly advise against going for a jog outdoors right now.  The high level of pollutants could trigger an asthma attack.

**Personalized Actionable Steps:**

1. **Stay indoors:**  Avoid all unnecessary outdoor activities until the AQI improves significantly (below 100).
2. **Use your inhaler:** Ensure your asthma inhaler is readily available and use it as prescribed if you experience any breathing difficulties.  Consider preemptively using your preventative inhaler.
3. **Monitor your symptoms:** Pay close attention to your breathing and any signs of worsening asthma, such as wheezing, coughing, or shortness of breath.


**Risk Level:** High

**Emergency Contacts/Steps:** If you experience any difficulty breathing, chest tightness, or worsening asthma symptoms, contact your doctor immediately or call emergency medical services.  Have your inhaler readily accessible.


Remember, prioritizing your health is key.  I recommend checking the AQI regularly before planning any outdoor activities.  I'm here to help! Let me know if you have any other questions."
2025-05-24,11:16:56,I have asthma can I go for a jog,208,None,"Hello!  HealthifyAI here. I understand you're asking about jogging with your asthma when the AQI is 208.

**Summary of AQI Impact:** An AQI of 208 is considered very unhealthy.  This level of air pollution can aggravate respiratory conditions like asthma, causing coughing, shortness of breath, and wheezing.  Prolonged exposure can lead to more serious health problems.

**Personalized Actionable Steps:**

1. **Avoid strenuous outdoor activities:**  A jog at this AQI is strongly discouraged, especially with your asthma.  The exertion will make it harder for your lungs to function properly in already polluted air.
2. **Use your inhaler proactively:** Before any outdoor activity (even short ones), ensure you have your inhaler readily available and use it as prescribed by your doctor, or as needed to manage your symptoms.
3. **Check the AQI forecast:** Before planning any outdoor activities in the future, check the air quality index forecast to ensure it's at a safe level.  Resources like [insert relevant local air quality monitoring website here] can provide up-to-date information.


**Risk Level:** High

**Emergency Contacts/Steps:** If you experience shortness of breath, chest tightness, wheezing, or coughing that doesn't improve with your inhaler, seek immediate medical attention.  Call your doctor or dial your local emergency number immediately.


I hope this helps! Remember, prioritizing your health and safety is key, especially during periods of poor air quality.  Please don't hesitate to ask if you have further questions."
2025-05-31,22:18:15,I want to go for a jog,248,asthma,"Hello!  I'm HealthifyAI, here to help you make informed decisions about your health.

The current AQI of 248 is **very unhealthy**.  This level of air pollution can significantly worsen asthma symptoms, causing breathing difficulties and potentially triggering an asthma attack. Prolonged exposure is highly discouraged.

**Personalized Actionable Steps:**

1. **Avoid outdoor activities:**  A jog is strongly discouraged today given your asthma and the high AQI. Consider indoor exercise alternatives like a home workout or a gym session.
2. **Use your preventative inhaler:**  Take your prescribed preventative medication as directed to help minimize the impact of the poor air quality on your lungs.
3. **Monitor your symptoms:** Pay close attention to your breathing and any chest tightness or wheezing.


**Risk Level: High**

Given your asthma and the very unhealthy AQI, your risk of experiencing an asthma exacerbation is high.

**Emergency Steps:**

If you experience any difficulty breathing, wheezing, chest tightness, or coughing that doesn't improve with your inhaler, please seek immediate medical attention.  Call your doctor or dial your local emergency number (e.g., 911 in the US) immediately.  Having your inhaler readily available is crucial.

Remember, prioritizing your health is key. We can reassess your options once the AQI improves.  Please let me know if you have any further questions."
2025-07-10,11:25:27,"I have asthma, can I go out for a jog?",334,"asthma, breathing difficulty","Hello!  I'm HealthifyAI, and I understand you're concerned about going for a jog with your asthma, given the current air quality.

**Current AQI of 334 is extremely hazardous.**  This level of air pollution poses a significant risk to respiratory health, especially for individuals with pre-existing conditions like asthma.  Prolonged exposure can worsen breathing difficulties and trigger asthma attacks.

**Personalized Actionable Steps:**

1. **Absolutely avoid strenuous outdoor activity like jogging today.** The high AQI will severely exacerbate your breathing difficulties and asthma.
2. **Stay indoors in a well-sealed area with good air filtration (if available).** Consider using an air purifier if you have one.
3. **Use your prescribed inhaler as directed by your doctor**, even if you aren't experiencing symptoms yet, to help manage your airways.

**Risk Level: Severe**

Given your asthma and breathing difficulties combined with the dangerously high AQI, your risk is severe.

**Emergency Contacts and Steps:**

If you experience any of the following, please seek immediate medical attention:

* **Worsening shortness of breath or wheezing.**
* **Chest tightness or pain.**
* **Rapid heart rate.**
* **Difficulty speaking or swallowing.**


**Contact your doctor or dial your local emergency services immediately.**  Please prioritize your health and safety.  We'll monitor the AQI, and I'll let you know when it becomes safer to resume outdoor activities.  Remember, staying safe is key!"
2025-07-11,02:11:44,i want to go for a jog,329,asthma,"Hello!  I'm HealthifyAI, here to help you make informed decisions about your health.

With a current AQI of 329, the air quality is extremely hazardous.  This level of pollution can significantly worsen asthma symptoms, triggering breathing difficulties and potentially leading to a serious asthma attack.  Prolonged exposure should be avoided.

**Personalized Actionable Steps:**

1. **Cancel your jog today.** The high AQI poses a serious risk to your respiratory health.  Choose an indoor activity instead.
2. **Use your inhaler as prescribed:**  Ensure you have your rescue inhaler readily available and use it as directed by your doctor if you experience any shortness of breath or wheezing.
3. **Check the AQI forecast:** Before considering any outdoor activity, consult an air quality index forecast to identify days with better air quality.


**Risk Level: Severe**

Given your asthma and the severely hazardous AQI, the risk of a health incident is **Severe**.

**Emergency Contact & Steps:**

If you experience any difficulty breathing, chest tightness, coughing, or wheezing, please:

1. **Use your rescue inhaler immediately.**
2. **Call emergency medical services (911 or your local emergency number) immediately.**  Don't hesitate to seek medical attention; this is crucial in severe situations.


Remember, your health is paramount.  Prioritizing your safety during periods of poor air quality is vital for managing your asthma effectively.  I hope you feel better soon."
2025-12-16,22:22:53,I have asthma. can i go for a run,373,asthma,"Hello there! Thank you for reaching out. I understand you have asthma and are considering a run. Let's look at the current air quality to help you make the best decision for your health.

With the current AQI at **373**, the air quality is in the 'Hazardous' category. This means the air is extremely unhealthy and can cause serious health effects for everyone, particularly individuals with asthma. Exposure to this level of pollution can significantly worsen respiratory symptoms and trigger asthma attacks.

Here are some personalized actionable steps for you today:

*   **Do not go for a run outdoors.** Engaging in any outdoor physical activity today is strongly discouraged due to the extreme air pollution. Exercise increases your breathing rate, causing you to inhale more polluted air, which is very dangerous with your asthma.
*   **Stay indoors with windows and doors closed.** Minimize your exposure to outdoor air. If you have an air purifier, now is a good time to use it.
*   **Closely monitor your asthma symptoms.** Keep your rescue inhaler readily available and follow your asthma action plan.

**Risk Level: Severe**

Given the Severe risk level and your asthma, please be extra vigilant. If you experience severe or worsening asthma symptoms (such as persistent coughing, wheezing, shortness of breath, chest tightness, or difficulty speaking), do not hesitate to **contact your doctor immediately or seek emergency medical attention.** Call 911 (or your local emergency number) if symptoms become severe or life-threatening.

Your health and safety are the top priority. Please stay safe indoors today."
2026-02-28,07:46:35,I want to jog,322,asthma,"Hello there! I'm HealthifyAI, your dedicated health assistant. Let's look at your situation.

With an AQI of **322**, the air quality is currently classified as 'Hazardous.' This level poses a significant health risk to everyone, and is particularly dangerous for individuals with respiratory conditions like asthma, potentially triggering severe symptoms.

Here are some personalized actionable steps for you:

1.  **Please do not jog outdoors today.** Engaging in strenuous physical activity like jogging would significantly increase your exposure to harmful pollutants and could severely aggravate your asthma.
2.  It's crucial to **stay indoors** with windows and doors closed to minimize your exposure to the poor air quality. If you have an air purifier, now is a good time to use it.
3.  Ensure your asthma rescue inhaler is **immediately accessible**, and monitor yourself closely for any symptoms.

**Risk Level: Severe**

Given the 'Severe' risk and your asthma, please monitor yourself closely for any worsening of symptoms such as wheezing, shortness of breath, or chest tightness. If you experience any severe symptoms or feel unwell, do not hesitate to contact your doctor immediately or call emergency services (e.g., 911) if necessary.

Prioritizing your respiratory health is paramount right now. Perhaps consider some indoor exercises or activities instead. Stay safe and take good care!"
2026-05-02,11:16:48,whqt ,100,None,"Hello there! I'm HealthifyAI, your dedicated health assistant for air quality.

It seems you're asking about the current air quality. Let's break it down based on an AQI of 100.

**Impact of AQI 100:**
An AQI of 100 falls into the ""Moderate"" category, bordering on ""Unhealthy for Sensitive Groups."" For most people, air quality is generally acceptable at this level. However, very sensitive individuals might experience minor breathing discomfort or irritation, especially during prolonged outdoor exertion.

**Personalized Actionable Steps:**
1.  **Reduce Prolonged Outdoor Exertion:** While moderate outdoor activities are generally fine, consider taking breaks or rescheduling intense, long-duration outdoor activities, especially if you feel any unusual symptoms.
2.  **Stay Informed:** Keep an eye on local air quality updates. Air quality can fluctuate throughout the day.
3.  **Monitor How You Feel:** Pay attention to your body. If you notice any unusual coughing, shortness of breath, or throat irritation, it's wise to limit your time outdoors.

**Risk Level: Moderate**

Given your current health conditions are ""None"" and the AQI is 100, the risk level is **Moderate**.

There is no need for emergency contacts or steps at this Moderate risk level. However, if you or anyone you're with starts to experience severe symptoms such as difficulty breathing, persistent coughing, or chest pain, please seek immediate medical attention.

Please feel free to ask if you have any more questions or concerns! Stay well."
2026-05-02,11:16:49,whqt ,100,None,"Hello there! I'm HealthifyAI, your dedicated health assistant for air quality.

Let's look at the current air quality based on your provided information.

**Current AQI: 100 (Moderate)**

*   **Impact Summary:** At an AQI of 100, the air quality is considered **Moderate**. This means the air is acceptable; however, some pollutants may pose a moderate health concern for a very small number of unusually sensitive people.
*   **Personalized Actionable Steps:**
    1.  **Stay Informed:** Continue to monitor the AQI regularly, especially before planning prolonged outdoor activities.
    2.  **Outdoor Activities:** Most individuals can enjoy outdoor activities. If you are unusually sensitive to air pollution, consider reducing prolonged or heavy exertion outdoors.
    3.  **Ventilation Awareness:** When indoors, you generally don't need to take special precautions, but keeping windows closed during peak traffic times or if local conditions worsen can be beneficial.
*   **Risk Level:** Moderate
*   **Emergency Recommendations:** At a Moderate risk level, emergency contacts or steps are not necessary. However, if you develop any unusual respiratory symptoms, please consult a healthcare professional.

Your health and well-being are important. I'm here to help you stay informed and make healthy choices!"
2026-05-02,11:16:49,whqt ,100,None,"Hello! I'm HealthifyAI, your dedicated health assistant for air quality.

It seems you might be asking for an update on the current air quality and its health implications. Based on the **Current AQI of 100**, here's a summary and some personalized advice:

**Impact of Current AQI (100):**
With an AQI of 100, the air quality is considered **Moderate**. This means the air quality is generally acceptable; however, a very small number of unusually sensitive people might experience minor health effects.

**Personalized Actionable Steps:**
1.  **Stay Informed:** Keep an eye on real-time air quality updates throughout your day, as conditions can fluctuate.
2.  **Listen to Your Body:** Even without underlying health conditions, if you plan prolonged outdoor activities, be mindful of how you feel. If you notice any discomfort, consider taking breaks or moving indoors.
3.  **Optimize Indoor Air:** Ensure good indoor air quality, especially if you spend a lot of time indoors. You might consider using an air purifier if you have one.

**Risk Level:** **Moderate**

At a Moderate risk level, emergency contacts or steps are not typically required. However, always prioritize your well-being. If you experience any concerning symptoms related to air quality, please consult a healthcare professional.

Stay healthy and informed!"
2026-05-02,11:16:51,whqt ,100,None,"Hello there! I understand you're looking for information regarding the current air quality.

With a current AQI of 100, the air quality is considered **Moderate**. This means the air is acceptable; however, some individuals who are unusually sensitive to air pollution may experience mild health effects.

Here are some personalized actionable steps for you:

1.  **Enjoy Outdoors Mindfully:** For most individuals without specific health conditions, outdoor activities are generally safe. Pay attention to your body's signals and how you feel.
2.  **Listen to Your Body (If Sensitive):** While you don't have specified health conditions, if you personally feel unusually sensitive to air pollution, consider reducing prolonged or heavy exertion outdoors, especially later in the day.
3.  **Stay Informed:** Continue to monitor the AQI updates throughout the day. This allows you to adjust your plans if conditions change.

**Risk Level: Moderate**

Since the current risk level is Moderate, emergency actions or contacts are not necessary at this time. Please be reassured.

Your health and well-being are important. Stay well!"
2026-05-02,11:16:52,whqt ,100,None,"Hello there! It looks like you might be asking about the current air quality situation. I'm here to help clarify that for you.

**Current Air Quality Assessment (AQI 100)**

*   **Impact Summary:** An AQI of 100 indicates ""Moderate"" air quality. This means the air quality is generally acceptable for most individuals. However, unusually sensitive people may experience minor health effects from certain pollutants.
*   **Personalized Actionable Steps:**
    1.  **Enjoy Outdoors:** As you have no specific health conditions, you can generally continue with your outdoor activities as usual.
    2.  **Be Mindful:** If you happen to be unusually sensitive to air pollution, consider taking breaks or reducing prolonged, heavy outdoor exertion if you notice any discomfort.
    3.  **Stay Informed:** It's always a good practice to check for updated air quality forecasts, as conditions can change throughout the day.
*   **Risk Level: Moderate**
*   **Emergency Recommendations:** At a Moderate risk level, emergency contacts or immediate medical steps are typically not necessary. Please continue to monitor your well-being.

We're here to help you stay healthy and informed. Feel free to ask if you have any more questions!"
2026-05-02,11:16:54,whqt ,100,None,"Hello there! I understand you might be inquiring about the current air quality situation. Let me provide you with a clear and professional update based on the information I have.

**Impact of AQI 100 (Moderate):**
Air quality at an AQI of 100 is considered Moderate. This means the air is generally acceptable for most individuals. However, for a very small number of people who are unusually sensitive to air pollution, there might be a moderate health concern or minor health effects.

**Personalized Actionable Steps:**
1.  **Monitor Your Comfort:** Since you have no stated health conditions, you can generally proceed with your regular outdoor activities. However, if you are unusually sensitive, pay attention to how you feel and consider reducing prolonged or heavy exertion outdoors.
2.  **Stay Informed:** Keep an eye on local air quality forecasts, as conditions can change throughout the day.
3.  **Optimize Your Indoor Environment:** Ensure good indoor air quality. If outdoor air quality is a concern, consider using a good quality air purifier or keeping windows closed.

**Risk Level: Moderate**

Given the Moderate AQI of 100 and your reported lack of pre-existing health conditions, the risk level is Moderate. At this level, emergency contacts or steps are generally not required. We encourage everyone to always listen to their body; if you experience any unexpected or concerning symptoms, please consult a healthcare professional.

Stay healthy and breathe easy!"
2026-05-02,11:17:35,I want to go for a jog but I have asthma,313,None,"Hello there! Thanks for reaching out about your jog. It's wise to check in, especially with your asthma.

With the current AQI at **313**, the air quality is classified as 'Hazardous'. This means the air is extremely unhealthy for everyone, and particularly dangerous for individuals with respiratory conditions like asthma, significantly increasing the risk of severe symptoms and asthma attacks.

Here are some personalized steps to keep you safe:
1.  **Strongly advise against outdoor jogging or any strenuous outdoor activity today.** Your respiratory system would be under immense strain, and it could significantly worsen your asthma symptoms.
2.  **Prioritize staying indoors** with windows and doors closed to minimize your exposure to the hazardous air. If you have an air purifier, this would be an excellent time to use it.
3.  **Consider an indoor alternative for exercise** if possible and light, such as gentle stretching or an indoor workout that doesn't overexert you. Always keep your asthma rescue inhaler close at hand.

Given your asthma and the hazardous air quality, your current risk level is **Severe**.

If you experience any worsening asthma symptoms, persistent coughing, wheezing, or difficulty breathing, please do not hesitate to contact your doctor immediately or seek emergency medical attention.

Your health and safety are the top priority. We understand your desire to exercise, but on days like today, it's crucial to protect your lungs. We're here to help you make the best decisions for your well-being."
2026-05-02,12:27:20,I want to go for a jog,370,asthma,"Hello! Thank you for reaching out to HealthifyAI. I understand you're keen to go for a jog, but let's review the current air quality and your health conditions first to ensure your safety and well-being.

**Impact of Current AQI (370):**
With an AQI of 370, the air quality is currently in the ""Hazardous"" category. This means the air is very unhealthy and poses severe health warnings for everyone, especially for individuals with respiratory conditions like asthma. Significant exacerbations of asthma and other lung diseases are highly likely.

**Personalized Actionable Steps:**
1.  **Avoid Outdoor Exercise:** Given your asthma and the hazardous air quality, it is strongly advised to *postpone your jog* and any other outdoor physical activity today. Staying indoors is crucial.
2.  **Indoor Precautions:** Please ensure windows and doors are closed to keep polluted air out. If you have an air purifier, now is an excellent time to use it.
3.  **Asthma Management:** Keep your asthma inhaler and any other prescribed medications readily accessible, and adhere strictly to your asthma action plan.

**Risk Level: Severe**

**Emergency Recommendations:**
Due to the Severe risk level, please be extra vigilant. If you experience any significant worsening of your asthma symptoms, such as increased shortness of breath, persistent wheezing, or chest tightness that doesn't respond to your usual relief medication, please contact your doctor immediately. For severe breathing difficulties or a medical emergency, do not hesitate to seek immediate medical attention by calling emergency services.

We hope this information helps you make safe choices for your health today. Please prioritize staying safe and well!"
